id,organization_id,actor_user_id,action,target_type,target_id,timestamp
audit-001,org-001,user-008,LOGIN,organization,org-001,2026-07-21T00:00:00+00:00
audit-002,org-001,user-008,AGENT_CREATED,organization,org-001,2026-07-22T00:00:00+00:00
audit-003,org-001,user-008,POLICY_EVALUATED,organization,org-001,2026-07-23T00:00:00+00:00
audit-004,org-001,user-008,ROLE_CHANGED,organization,org-001,2026-07-24T00:00:00+00:00
audit-005,org-001,user-008,REPORT_GENERATED,organization,org-001,2026-07-25T00:00:00+00:00
audit-006,org-002,user-016,LOGIN,organization,org-002,2026-07-21T00:00:00+00:00
audit-007,org-002,user-016,AGENT_CREATED,organization,org-002,2026-07-22T00:00:00+00:00
audit-008,org-002,user-016,POLICY_EVALUATED,organization,org-002,2026-07-23T00:00:00+00:00
audit-009,org-002,user-016,ROLE_CHANGED,organization,org-002,2026-07-24T00:00:00+00:00
audit-010,org-002,user-016,REPORT_GENERATED,organization,org-002,2026-07-25T00:00:00+00:00
audit-011,org-003,user-024,LOGIN,organization,org-003,2026-07-21T00:00:00+00:00
audit-012,org-003,user-024,AGENT_CREATED,organization,org-003,2026-07-22T00:00:00+00:00
audit-013,org-003,user-024,POLICY_EVALUATED,organization,org-003,2026-07-23T00:00:00+00:00
audit-014,org-003,user-024,ROLE_CHANGED,organization,org-003,2026-07-24T00:00:00+00:00
audit-015,org-003,user-024,REPORT_GENERATED,organization,org-003,2026-07-25T00:00:00+00:00
audit-016,org-004,user-032,LOGIN,organization,org-004,2026-07-21T00:00:00+00:00
audit-017,org-004,user-032,AGENT_CREATED,organization,org-004,2026-07-22T00:00:00+00:00
audit-018,org-004,user-032,POLICY_EVALUATED,organization,org-004,2026-07-23T00:00:00+00:00
audit-019,org-004,user-032,ROLE_CHANGED,organization,org-004,2026-07-24T00:00:00+00:00
audit-020,org-004,user-032,REPORT_GENERATED,organization,org-004,2026-07-25T00:00:00+00:00
audit-021,org-005,user-040,LOGIN,organization,org-005,2026-07-21T00:00:00+00:00
audit-022,org-005,user-040,AGENT_CREATED,organization,org-005,2026-07-22T00:00:00+00:00
audit-023,org-005,user-040,POLICY_EVALUATED,organization,org-005,2026-07-23T00:00:00+00:00
audit-024,org-005,user-040,ROLE_CHANGED,organization,org-005,2026-07-24T00:00:00+00:00
audit-025,org-005,user-040,REPORT_GENERATED,organization,org-005,2026-07-25T00:00:00+00:00
